sample,threshold,window,inference,horizon,beta_VRP,beta_deltaVRP,R2,N,t_VRP,t_deltaVRP,se_deltaVRP
BTZ_1990_2007,0.85,252,HAC,1,0.3005073037930691,0.0893762814677908,0.0174882175637313,204,1.2066660174967427,0.2957174022968549,0.3022354476726763
BTZ_1990_2007,0.85,252,HAC,3,0.5867782180156041,-0.3966940313317383,0.0814078596295349,204,2.148774205230656,-0.7413367102552499,0.5351064176966933
BTZ_1990_2007,0.85,252,HAC,6,0.8398694342631594,-0.5246451952648794,0.1282877199475751,204,1.7133377499261362,-0.7078108771036192,0.7412222844211456
BTZ_1990_2007,0.9,252,HAC,1,0.3288888019509537,0.6621245963476974,0.0399079722717047,204,1.7180532682150846,2.574905441518819,0.2571452083914741
BTZ_1990_2007,0.9,252,HAC,3,0.8986350504445547,1.279788114276089,0.1076059623316219,204,4.121878282724125,2.7516985950629675,0.4650902233886569
BTZ_1990_2007,0.9,252,HAC,6,1.2627236472340286,1.7928787105969384,0.1544931469167648,204,3.257281769542773,4.668554065741785,0.3840329758100528
BTZ_1990_2007,0.95,252,HAC,1,0.2526720937342432,0.4506335557299221,0.0250489766700265,204,1.295091441586519,1.3908522352403685,0.3239981532991843
BTZ_1990_2007,0.95,252,HAC,3,0.7479598196140816,1.0729197704405071,0.0933796054104214,204,3.1673129780886407,2.0730019215079656,0.5175681504723509
BTZ_1990_2007,0.95,252,HAC,6,1.0531724767985269,1.4109704139974948,0.1385857758752469,204,2.525891102733288,2.968061016053872,0.4753845713971956
BTZ_1990_2007,0.85,504,HAC,1,0.346642016974289,0.5595223093843584,0.0436334091002457,193,1.83258662186891,2.905212818418392,0.1925925377435737
BTZ_1990_2007,0.85,504,HAC,3,0.9489050407500164,1.0815045198921505,0.1169434229368914,193,3.977737482028,2.618008214657402,0.4131020345303532
BTZ_1990_2007,0.85,504,HAC,6,1.3005324334907915,1.2108630979127837,0.1590425395234365,193,3.012524249461594,2.583487031485514,0.468693313787038
BTZ_1990_2007,0.9,504,HAC,1,0.2260562641160605,-0.0431405835308601,0.0223086744805804,193,1.065431038586569,-0.1992247641731833,0.2165422742995875
BTZ_1990_2007,0.9,504,HAC,3,0.7000599620222298,-0.1392197166438657,0.0904037172435484,193,2.468272458252243,-0.4181324076182169,0.3329560543677894
BTZ_1990_2007,0.9,504,HAC,6,1.0187008847531058,-0.1672839543856867,0.1427255697196627,193,2.202129433094462,-0.4247999163843635,0.3937946970646915
BTZ_1990_2007,0.95,504,HAC,1,0.243359202287241,0.5601211106908862,0.0359510872039133,193,1.240400155990426,1.9172537949785728,0.2921476082915492
BTZ_1990_2007,0.95,504,HAC,3,0.7471880753643,0.8551251233955848,0.1004233940641333,193,3.0040917218635883,1.3572205671953086,0.6300561191484872
BTZ_1990_2007,0.95,504,HAC,6,1.0790407055721032,1.433339444479968,0.1573616030693867,193,2.537902655705881,2.563153020573807,0.5592094709035708
BTZ_1990_2007,0.85,756,HAC,1,0.3197180816300461,0.5587902390280258,0.0495212821664449,181,1.7268304999566015,3.335062726072743,0.1675501437078031
BTZ_1990_2007,0.85,756,HAC,3,0.9236904640990828,1.1955229195094934,0.1314944829771869,181,4.428924057197902,3.1622697314731414,0.3780584899544795
BTZ_1990_2007,0.85,756,HAC,6,1.2881113932184751,1.4428746910949977,0.1709897665709928,181,3.2443555751832336,3.6748955919380863,0.3926301183250887
BTZ_1990_2007,0.9,756,HAC,1,0.2983608511174218,0.5254837666100789,0.0416986019547436,181,1.5497292894726835,2.8724267373279155,0.1829407029886206
BTZ_1990_2007,0.9,756,HAC,3,0.8734018216414254,1.0865436919011733,0.1173177535098507,181,3.774110024167555,2.4288057798479277,0.4473571748372584
BTZ_1990_2007,0.9,756,HAC,6,1.24437950049486,1.450579039376081,0.1654881211077095,181,3.059997567724672,3.5537449045881395,0.4081832203271763
BTZ_1990_2007,0.95,756,HAC,1,0.2697332800393686,0.4675084173015273,0.0345718549934784,181,1.3820365193548112,1.4558162208587635,0.3211314797864742
BTZ_1990_2007,0.95,756,HAC,3,0.7728670956426867,0.420505592922018,0.0917660860659587,181,2.815974685809611,0.7371907610403265,0.5704162547135003
BTZ_1990_2007,0.95,756,HAC,6,1.1134516826984986,0.6048564423181269,0.1435565443485492,181,2.4407441447786344,0.8369081524695736,0.7227273871491136
BTZ_1990_2007,0.85,252,Hodrick,1,0.3005073037930691,0.0893762814677908,0.0174882175637313,204,1.2066660174967512,0.2957174022968549,
BTZ_1990_2007,0.85,252,Hodrick,3,0.5867782180156041,-0.3966940313317383,0.0814078596295349,204,2.8536464946332516,-0.7404064779748996,
BTZ_1990_2007,0.85,252,Hodrick,6,0.8398694342631594,-0.5246451952648794,0.1282877199475751,204,2.0232230630071633,-0.6752064257722,
BTZ_1990_2007,0.9,252,Hodrick,1,0.3288888019509537,0.6621245963476974,0.0399079722717047,204,1.7180532682151075,2.574905441518827,
BTZ_1990_2007,0.9,252,Hodrick,3,0.8986350504445547,1.279788114276089,0.1076059623316219,204,4.562868277108511,2.3872678414254915,
BTZ_1990_2007,0.9,252,Hodrick,6,1.2627236472340286,1.7928787105969384,0.1544931469167648,204,3.4559029067986176,5.668300224609046,
BTZ_1990_2007,0.95,252,Hodrick,1,0.2526720937342432,0.4506335557299221,0.0250489766700265,204,1.2950914415865673,1.3908522352403634,
BTZ_1990_2007,0.95,252,Hodrick,3,0.7479598196140816,1.0729197704405071,0.0933796054104214,204,3.5120042504285394,1.9980413007500544,
BTZ_1990_2007,0.95,252,Hodrick,6,1.0531724767985269,1.4109704139974948,0.1385857758752469,204,2.716042860593864,2.6249833884975895,
BTZ_1990_2007,0.85,504,Hodrick,1,0.346642016974289,0.5595223093843584,0.0436334091002457,193,1.832586621868883,2.905212818418378,
BTZ_1990_2007,0.85,504,Hodrick,3,0.9489050407500164,1.0815045198921505,0.1169434229368914,193,4.117963746252609,2.3229023443077925,
BTZ_1990_2007,0.85,504,Hodrick,6,1.3005324334907915,1.2108630979127837,0.1590425395234365,193,3.301805376206212,2.9336541032472585,
BTZ_1990_2007,0.9,504,Hodrick,1,0.2260562641160605,-0.0431405835308601,0.0223086744805804,193,1.065431038586568,-0.1992247641731835,
BTZ_1990_2007,0.9,504,Hodrick,3,0.7000599620222298,-0.1392197166438657,0.0904037172435484,193,2.8660834341984436,-0.5597509812417595,
BTZ_1990_2007,0.9,504,Hodrick,6,1.0187008847531058,-0.1672839543856867,0.1427255697196627,193,2.7174600951829273,-0.4833000204816993,
BTZ_1990_2007,0.95,504,Hodrick,1,0.243359202287241,0.5601211106908862,0.0359510872039133,193,1.2404001559904467,1.91725379497857,
BTZ_1990_2007,0.95,504,Hodrick,3,0.7471880753643,0.8551251233955848,0.1004233940641333,193,3.331632546913382,1.2264931674494923,
BTZ_1990_2007,0.95,504,Hodrick,6,1.0790407055721032,1.433339444479968,0.1573616030693867,193,2.6828549947974176,2.5314748476899345,
BTZ_1990_2007,0.85,756,Hodrick,1,0.3197180816300461,0.5587902390280258,0.0495212821664449,181,1.7268304999566482,3.3350627260727306,
BTZ_1990_2007,0.85,756,Hodrick,3,0.9236904640990828,1.1955229195094934,0.1314944829771869,181,4.848031750197028,2.865267204841206,
BTZ_1990_2007,0.85,756,Hodrick,6,1.2881113932184751,1.4428746910949977,0.1709897665709928,181,3.48945889580462,3.4800678957991473,
BTZ_1990_2007,0.9,756,Hodrick,1,0.2983608511174218,0.5254837666100789,0.0416986019547436,181,1.5497292894726384,2.8724267373279098,
BTZ_1990_2007,0.9,756,Hodrick,3,0.8734018216414254,1.0865436919011733,0.1173177535098507,181,4.097307551571036,2.1467955679572603,
BTZ_1990_2007,0.9,756,Hodrick,6,1.24437950049486,1.450579039376081,0.1654881211077095,181,3.3507725627223612,4.114828306099885,
BTZ_1990_2007,0.95,756,Hodrick,1,0.2697332800393686,0.4675084173015273,0.0345718549934784,181,1.382036519354838,1.455816220858766,
BTZ_1990_2007,0.95,756,Hodrick,3,0.7728670956426867,0.420505592922018,0.0917660860659587,181,2.9936180816296374,0.7133903688965244,
BTZ_1990_2007,0.95,756,Hodrick,6,1.1134516826984986,0.6048564423181269,0.1435565443485492,181,2.6285163198670176,0.778462697041019,
FULL_1990_end,0.85,252,HAC,1,-0.0333192064128548,-0.1511583309196311,0.0089097343379429,424,-0.227065394307565,-0.772860262580423,0.195583002825044
FULL_1990_end,0.85,252,HAC,3,0.0133839381233852,-0.3353765520575488,0.0264032457055432,422,0.0510451211830825,-1.2908808549561082,0.2598044201910114
FULL_1990_end,0.85,252,HAC,6,-0.0948003897054639,-0.5170178050248991,0.0188083722797471,419,-0.3608083057225991,-1.386209637267608,0.3729723060099377
FULL_1990_end,0.9,252,HAC,1,0.1572499013547138,0.1744234014059434,0.0099914127070163,424,1.0428825069168235,0.7921758991962924,0.2201826659746982
FULL_1990_end,0.9,252,HAC,3,0.7461944990929995,0.8568925978498804,0.0615730641795212,422,3.800627286274075,4.339322484096048,0.1974715179594183
FULL_1990_end,0.9,252,HAC,6,0.8888681436155952,1.0998132220104575,0.0435240845776188,419,3.963216570132572,2.9474296336907706,0.3731431649593859
FULL_1990_end,0.95,252,HAC,1,0.0201299277298436,-0.0584696009298181,0.0055091273392384,424,0.143671274099097,-0.2872365041978043,0.2035590883307551
FULL_1990_end,0.95,252,HAC,3,0.4549381245596313,0.7288827999736923,0.0423512777883818,422,1.926152657924299,2.350051249891899,0.3101561295768424
FULL_1990_end,0.95,252,HAC,6,0.468057737042449,0.8106648960646183,0.0244932690735459,419,1.7947039505344031,1.40525113732678,0.5768825760260564
FULL_1990_end,0.85,504,HAC,1,-0.001630206385963,-0.0564793034778673,0.0068046031733979,413,-0.0104011236490909,-0.4781805126437857,0.1181129343092674
FULL_1990_end,0.85,504,HAC,3,0.235286958282517,0.0805199581624894,0.0208587225978019,411,0.7045842445061485,0.3324491767504727,0.2422023087845559
FULL_1990_end,0.85,504,HAC,6,0.3633672181739116,0.2799173070057749,0.0156816864791928,408,0.9156774035425244,0.8035192509529596,0.3483641576400291
FULL_1990_end,0.9,504,HAC,1,0.0604539035885288,0.0362276907967342,0.0059888352083112,413,0.4130113745974048,0.1758321582259872,0.2060356374069684
FULL_1990_end,0.9,504,HAC,3,0.2386122303789895,0.1054902721330328,0.0208447967676063,411,0.904417829527581,0.410345350766836,0.257076806002303
FULL_1990_end,0.9,504,HAC,6,0.210716891328992,0.0858086145768748,0.0117032616006746,408,0.7428372846311817,0.2335232358577142,0.367452147798937
FULL_1990_end,0.95,504,HAC,1,0.1622470085543489,0.190003789106757,0.0107874931565484,413,1.0173163251548552,0.8152693321743444,0.2330564656467722
FULL_1990_end,0.95,504,HAC,3,0.682772230938688,0.7813372166652702,0.0496831445118289,411,3.395515203662427,2.4227528684900186,0.3224997591901475
FULL_1990_end,0.95,504,HAC,6,0.8741082213970965,1.1021811565268205,0.0387107079621844,408,3.6226574208810622,2.1835368632257537,0.5047687424422782
FULL_1990_end,0.85,756,HAC,1,0.0783593792490681,0.04871432903267,0.0078054754665005,401,0.5836313678737033,0.8943212891572723,0.0544707250328056
FULL_1990_end,0.85,756,HAC,3,0.2980849653970407,0.1487244602371029,0.0273231735736457,399,1.0820014568932428,1.4145817793894828,0.1051367000508734
FULL_1990_end,0.85,756,HAC,6,0.3387260068344978,0.2179852692238608,0.0188843319197234,396,1.047347525115343,1.430125893111929,0.1524238322470539
FULL_1990_end,0.9,756,HAC,1,0.0961627414330818,0.0886284943705492,0.0080459027028146,401,0.6462055315698575,0.5877634357211479,0.1507893975436014
FULL_1990_end,0.9,756,HAC,3,0.3210919442165313,0.2220821315321468,0.0254525171853902,399,1.1218248089789262,0.8452061646233211,0.2627549831361217
FULL_1990_end,0.9,756,HAC,6,0.3594928094273804,0.305466827649382,0.0163820013869947,396,1.0632419691696309,0.8174201917606913,0.3736962100133817
FULL_1990_end,0.95,756,HAC,1,0.0647939261551207,0.0622548091832778,0.0064212624980909,401,0.4954526525664376,0.2997973045203442,0.2076563339449677
FULL_1990_end,0.95,756,HAC,3,0.2951478762128859,0.2838204406880826,0.0260002370348542,399,1.3144350188487208,1.1725615389152593,0.2420516376058573
FULL_1990_end,0.95,756,HAC,6,0.236659997497006,0.1798376928251114,0.0127119565363857,396,0.9528773920543494,0.4804949649883575,0.3742759153146776
FULL_1990_end,0.85,252,Hodrick,1,-0.0333192064128548,-0.1511583309196311,0.0089097343379429,424,-0.2270653943075724,-0.7728602625804347,
FULL_1990_end,0.85,252,Hodrick,3,0.0133839381233852,-0.3353765520575488,0.0264032457055432,422,0.0476150472405609,-1.668586175713234,
FULL_1990_end,0.85,252,Hodrick,6,-0.0948003897054639,-0.5170178050248991,0.0188083722797471,419,-0.3832898306330454,-1.533730075984295,
FULL_1990_end,0.9,252,Hodrick,1,0.1572499013547138,0.1744234014059434,0.0099914127070163,424,1.0428825069168275,0.792175899196294,
FULL_1990_end,0.9,252,Hodrick,3,0.7461944990929995,0.8568925978498804,0.0615730641795212,422,3.4243902791300105,7.735506918138513,
FULL_1990_end,0.9,252,Hodrick,6,0.8888681436155952,1.0998132220104575,0.0435240845776188,419,3.951435056009171,2.7241700609339508,
FULL_1990_end,0.95,252,Hodrick,1,0.0201299277298436,-0.0584696009298181,0.0055091273392384,424,0.1436712740990978,-0.2872365041978035,
FULL_1990_end,0.95,252,Hodrick,3,0.4549381245596313,0.7288827999736923,0.0423512777883818,422,1.8564350867828352,2.9632422423053937,
FULL_1990_end,0.95,252,Hodrick,6,0.468057737042449,0.8106648960646183,0.0244932690735459,419,1.8077304318151932,1.2758273700699925,
FULL_1990_end,0.85,504,Hodrick,1,-0.001630206385963,-0.0564793034778673,0.0068046031733979,413,-0.0104011236490909,-0.4781805126437862,
FULL_1990_end,0.85,504,Hodrick,3,0.235286958282517,0.0805199581624894,0.0208587225978019,411,0.6312446153943717,0.3013155364143793,
FULL_1990_end,0.85,504,Hodrick,6,0.3633672181739116,0.2799173070057749,0.0156816864791928,408,0.8997425289277806,0.7680569780208225,
FULL_1990_end,0.9,504,Hodrick,1,0.0604539035885288,0.0362276907967342,0.0059888352083112,413,0.4130113745973878,0.1758321582259846,
FULL_1990_end,0.9,504,Hodrick,3,0.2386122303789895,0.1054902721330328,0.0208447967676063,411,0.8466034129859882,0.4979653722586731,
FULL_1990_end,0.9,504,Hodrick,6,0.210716891328992,0.0858086145768748,0.0117032616006746,408,0.7847394983451461,0.2457513978705353,
FULL_1990_end,0.95,504,Hodrick,1,0.1622470085543489,0.190003789106757,0.0107874931565484,413,1.017316325154887,0.8152693321743532,
FULL_1990_end,0.95,504,Hodrick,3,0.682772230938688,0.7813372166652702,0.0496831445118289,411,3.5192317978833056,2.998206126018129,
FULL_1990_end,0.95,504,Hodrick,6,0.8741082213970965,1.1021811565268205,0.0387107079621844,408,3.7020708115832495,2.05776256876332,
FULL_1990_end,0.85,756,Hodrick,1,0.0783593792490681,0.04871432903267,0.0078054754665005,401,0.5836313678737038,0.8943212891572738,
FULL_1990_end,0.85,756,Hodrick,3,0.2980849653970407,0.1487244602371029,0.0273231735736457,399,0.9995969302823038,1.244717279001861,
FULL_1990_end,0.85,756,Hodrick,6,0.3387260068344978,0.2179852692238608,0.0188843319197234,396,1.00596528008853,1.2959388681092434,
FULL_1990_end,0.9,756,Hodrick,1,0.0961627414330818,0.0886284943705492,0.0080459027028146,401,0.6462055315698618,0.5877634357211489,
FULL_1990_end,0.9,756,Hodrick,3,0.3210919442165313,0.2220821315321468,0.0254525171853902,399,1.019546066191625,0.7734158834260275,
FULL_1990_end,0.9,756,Hodrick,6,0.3594928094273804,0.305466827649382,0.0163820013869947,396,1.0544306451154022,0.7753331142687703,
FULL_1990_end,0.95,756,Hodrick,1,0.0647939261551207,0.0622548091832778,0.0064212624980909,401,0.4954526525664281,0.2997973045203429,
FULL_1990_end,0.95,756,Hodrick,3,0.2951478762128859,0.2838204406880826,0.0260002370348542,399,1.212932020049664,1.453361379721985,
FULL_1990_end,0.95,756,Hodrick,6,0.236659997497006,0.1798376928251114,0.0127119565363857,396,0.9756002720008304,0.4565552897219688,
POST_2008_full,0.85,252,HAC,1,-0.0848761263010592,-0.220931542726174,0.0162420185012298,220,-0.5223609635338249,-0.9463196785446948,0.2334639633257287
POST_2008_full,0.85,252,HAC,3,-0.0022818143760942,-0.3045499742173734,0.0332964231718534,218,-0.0086764391848362,-1.096421045285474,0.2777673554579373
POST_2008_full,0.85,252,HAC,6,-0.091531786486442,-0.4465504078959223,0.0410872229284793,215,-0.387816704929869,-1.097033957760863,0.407052493440922
POST_2008_full,0.9,252,HAC,1,0.0512442353462542,0.0346116944659901,0.0057404360246312,220,0.2652290889317754,0.1290467307919553,0.268210548640631
POST_2008_full,0.9,252,HAC,3,0.6884981423170441,0.7588571846812425,0.0648900836228212,218,2.7577279669378596,3.548253937838562,0.2138677777790348
POST_2008_full,0.9,252,HAC,6,0.7834809057360523,0.9180032803505468,0.0596317348750298,215,3.233324248899918,2.438143875258068,0.3765172718748518
POST_2008_full,0.95,252,HAC,1,-0.070233814002504,-0.2368650100758909,0.0140595897770534,220,-0.4341469649043719,-1.050597926604043,0.2254573363204079
POST_2008_full,0.95,252,HAC,3,0.3831096120535279,0.5657363311565019,0.0433444132819711,218,1.385755684297859,1.8112993306564011,0.3123372937765528
POST_2008_full,0.95,252,HAC,6,0.3413707775848715,0.5068950037315234,0.0404180882184077,215,1.293616586523821,1.023340670497931,0.4953335857206588
POST_2008_full,0.85,504,HAC,1,-0.0817646189841903,-0.1410148555765788,0.0145163016434546,220,-0.4710687210023192,-1.0577755217918725,0.133312647789107
POST_2008_full,0.85,504,HAC,3,0.100544701828548,-0.06611582619136,0.0268781429558621,218,0.2805715688587563,-0.2408709957680845,0.2744864568709539
POST_2008_full,0.85,504,HAC,6,0.2267985182818929,0.1208319397739211,0.0352886629392639,215,0.5460532745257258,0.3107969564687067,0.388780962165205
POST_2008_full,0.9,504,HAC,1,0.0550591013949919,0.0462958800902352,0.0059276878726842,220,0.2921729674762308,0.1618569381542295,0.2860296297346306
POST_2008_full,0.9,504,HAC,3,0.2613226662505792,0.1796588782123582,0.028385114998752,218,0.8475573806113459,0.5421386904269861,0.3313891470665185
POST_2008_full,0.9,504,HAC,6,0.2380498488740149,0.1704825642660461,0.0351333600382006,215,0.7389236467547767,0.3512704933030117,0.4853312974368873
POST_2008_full,0.95,504,HAC,1,0.0681021333139452,0.0591301178848077,0.0060149851395393,220,0.2971761066251981,0.1934028886359696,0.3057354432596127
POST_2008_full,0.95,504,HAC,3,0.63445438203758,0.6904170968070223,0.0502798023880324,218,2.3114226467180217,1.8750167151388264,0.3682191690519963
POST_2008_full,0.95,504,HAC,6,0.7180212263898521,0.8350511537941149,0.0500457654982253,215,2.425004315948996,1.506972608186944,0.5541249716534492
POST_2008_full,0.85,756,HAC,1,0.0513171214474196,0.028411867607293,0.0066334277847225,220,0.3533432443359856,0.4639995196096254,0.0612325366870997
POST_2008_full,0.85,756,HAC,3,0.2399959913659257,0.1023797265206363,0.0313035565463571,218,0.8223720885470284,0.8306294008302119,0.1232556016176504
POST_2008_full,0.85,756,HAC,6,0.2679102151182574,0.1549952690823913,0.0394973299540244,215,0.8028346095225579,0.8551892262155663,0.181240904739043
POST_2008_full,0.9,756,HAC,1,0.0498000631081534,0.033409318429478,0.0059880614426903,220,0.2855352587142424,0.1920686148349961,0.1739447043869169
POST_2008_full,0.9,756,HAC,3,0.2182351855970577,0.0968203910182131,0.0275895610531787,218,0.6893314668013056,0.3296102755464906,0.293742028696423
POST_2008_full,0.9,756,HAC,6,0.2176302748736999,0.1214955835822583,0.0352392521037634,215,0.5977403191829911,0.2875250577806381,0.4225565052314542
POST_2008_full,0.95,756,HAC,1,0.0262499640423619,-0.0011246281721742,0.0055120823024165,220,0.1765945781455093,-0.0049223261840141,0.2284749385009411
POST_2008_full,0.95,756,HAC,3,0.2488618956446117,0.2202432512678586,0.0312604060346733,218,1.0407425486843824,0.8516248531908496,0.2586153403610239
POST_2008_full,0.95,756,HAC,6,0.1547595083413291,0.0474268588177095,0.0343508178864225,215,0.6225012213682706,0.1179576765388986,0.4020667429988725
POST_2008_full,0.85,252,Hodrick,1,-0.0848761263010592,-0.220931542726174,0.0162420185012298,220,-0.5223609635338233,-0.9463196785446946,
POST_2008_full,0.85,252,Hodrick,3,-0.0022818143760942,-0.3045499742173734,0.0332964231718534,218,-0.008088338325963,-1.632410470734182,
POST_2008_full,0.85,252,Hodrick,6,-0.091531786486442,-0.4465504078959223,0.0410872229284793,215,-0.4515130616626996,-1.3168785190448258,
POST_2008_full,0.9,252,Hodrick,1,0.0512442353462542,0.0346116944659901,0.0057404360246312,220,0.2652290889317834,0.1290467307919576,
POST_2008_full,0.9,252,Hodrick,3,0.6884981423170441,0.7588571846812425,0.0648900836228212,218,2.499407850751324,,
POST_2008_full,0.9,252,Hodrick,6,0.7834809057360523,0.9180032803505468,0.0596317348750298,215,3.0015519996760855,2.258286973909595,
POST_2008_full,0.95,252,Hodrick,1,-0.070233814002504,-0.2368650100758909,0.0140595897770534,220,-0.4341469649043665,-1.050597926604036,
POST_2008_full,0.95,252,Hodrick,3,0.3831096120535279,0.5657363311565019,0.0433444132819711,218,1.3510428382396094,4.923112036929602,
POST_2008_full,0.95,252,Hodrick,6,0.3413707775848715,0.5068950037315234,0.0404180882184077,215,1.2620552551834872,0.9562565715189848,
POST_2008_full,0.85,504,Hodrick,1,-0.0817646189841903,-0.1410148555765788,0.0145163016434546,220,-0.4710687210023274,-1.057775521791884,
POST_2008_full,0.85,504,Hodrick,3,0.100544701828548,-0.06611582619136,0.0268781429558621,218,0.2498882396808328,-0.2162480304007877,
POST_2008_full,0.85,504,Hodrick,6,0.2267985182818929,0.1208319397739211,0.0352886629392639,215,0.5309163907259274,0.2954387087781168,
POST_2008_full,0.9,504,Hodrick,1,0.0550591013949919,0.0462958800902352,0.0059276878726842,220,0.2921729674762444,0.1618569381542347,
POST_2008_full,0.9,504,Hodrick,3,0.2613226662505792,0.1796588782123582,0.028385114998752,218,0.7592577302529614,0.5800745422858725,
POST_2008_full,0.9,504,Hodrick,6,0.2380498488740149,0.1704825642660461,0.0351333600382006,215,0.7712854894467279,0.3694242354792251,
POST_2008_full,0.95,504,Hodrick,1,0.0681021333139452,0.0591301178848077,0.0060149851395393,220,0.2971761066251954,0.1934028886359683,
POST_2008_full,0.95,504,Hodrick,3,0.63445438203758,0.6904170968070223,0.0502798023880324,218,2.613598499443466,3.4561351197926826,
POST_2008_full,0.95,504,Hodrick,6,0.7180212263898521,0.8350511537941149,0.0500457654982253,215,2.3369603167225854,1.444618112929302,
POST_2008_full,0.85,756,Hodrick,1,0.0513171214474196,0.028411867607293,0.0066334277847225,220,0.3533432443359853,0.4639995196096252,
POST_2008_full,0.85,756,Hodrick,3,0.2399959913659257,0.1023797265206363,0.0313035565463571,218,0.7489139792149386,0.705189066577101,
POST_2008_full,0.85,756,Hodrick,6,0.2679102151182574,0.1549952690823913,0.0394973299540244,215,0.759014753400755,0.7501281387653059,
POST_2008_full,0.9,756,Hodrick,1,0.0498000631081534,0.033409318429478,0.0059880614426903,220,0.2855352587142406,0.1920686148349958,
POST_2008_full,0.9,756,Hodrick,3,0.2182351855970577,0.0968203910182131,0.0275895610531787,218,0.618132402378852,0.2970704945765191,
POST_2008_full,0.9,756,Hodrick,6,0.2176302748736999,0.1214955835822583,0.0352392521037634,215,0.575213738761071,0.2660540509928915,
POST_2008_full,0.95,756,Hodrick,1,0.0262499640423619,-0.0011246281721742,0.0055120823024165,220,0.1765945781455055,-0.0049223261840141,
POST_2008_full,0.95,756,Hodrick,3,0.2488618956446117,0.2202432512678586,0.0312604060346733,218,0.9552974088970246,1.0539361755812953,
POST_2008_full,0.95,756,Hodrick,6,0.1547595083413291,0.0474268588177095,0.0343508178864225,215,0.6295589443224742,0.1107831689351509,
