,y,pred_model,pred_bench
2008-01-31,-0.03767140625911458,,
2008-02-29,-0.007744119493085263,,
2008-03-31,0.04540095190758514,,
2008-04-30,0.009542614807393823,,
2008-05-31,-0.09132522058448898,,
2008-06-30,-0.011458296633774252,,
2008-07-31,0.010758426018159906,,
2008-08-31,-0.0966140984102767,,
2008-09-30,-0.18657814055354935,,
2008-10-31,-0.07835669064663857,,
2008-11-30,0.007632813340164864,,
2008-12-31,-0.08957487959881705,,
2009-01-31,-0.11656484653252365,,
2009-02-28,0.08170269356125523,,
2009-03-31,0.08959721824360005,,
2009-04-30,0.05158724382184057,,
2009-05-31,4.580809395326923e-05,,
2009-06-30,0.07137194934301433,,
2009-07-31,0.03285933634285548,,
2009-08-31,0.034958400701079764,,
2009-09-30,-0.0200598801971197,,
2009-10-31,0.05572074325340403,,
2009-11-30,0.01757285368363336,,
2009-12-31,-0.03771679037886121,,
2010-01-31,0.028064739741840455,,
2010-02-28,0.05704114874972595,,
2010-03-31,0.014526373006918173,,
2010-04-30,-0.08566490621682425,,
2010-05-31,-0.055521782738837275,,
2010-06-30,0.06641579901085702,,
2010-07-31,-0.04874515622075195,,
2010-08-31,0.08379514085470055,,
2010-09-30,0.03606805175049088,,
2010-10-31,-0.002401209713058165,,
2010-11-30,0.06313982084233155,,
2010-12-31,0.022276303145745593,,
2011-01-31,0.03133157676282474,,
2011-02-28,-0.0011561950879173941,,
2011-03-31,0.02801360543691168,,
2011-04-30,-0.013642919455283621,,
2011-05-31,-0.018459519245266304,,
2011-06-30,-0.021741689189997433,,
2011-07-31,-0.05850083560529043,,
2011-08-31,-0.07448376738645246,,
2011-09-30,0.10229825843605513,,
2011-10-31,-0.005088220389179278,,
2011-11-30,0.008488232073781037,,
2011-12-31,0.04265171113447361,,
2012-01-31,0.039762344672044724,,
2012-02-29,0.030776475632996125,,
2012-03-31,-0.0075923662116556614,,
2012-04-30,-0.06476597482529127,,
2012-05-31,0.038717719873699936,,
2012-06-30,0.012443884940282507,,
2012-07-31,0.01948727636853816,,
2012-08-31,0.023863785462921356,,
2012-09-30,-0.020079509024717123,,
2012-10-31,0.002759339127123445,,
2012-11-30,0.0069683681007132355,,
2012-12-31,0.04913945866541242,,
2013-01-31,0.010941593793021204,0.0022977205704430743,0.0010878674384926026
2013-02-28,0.03527196099637148,0.00285536364747945,0.0018980841060281992
2013-03-31,0.017849165836652362,0.0042464803747664405,0.002615018780852478
2013-04-30,0.020500202383511294,-0.0015093893141676818,0.0021558223463369317
2013-05-31,-0.015146262103613388,0.00561131095518412,0.0023384488059388898
2013-06-30,0.04823606138512102,0.001375101117624714,0.0036080981139534844
2013-07-31,-0.031831601371278925,0.007020547709018555,0.004603004080935072
2013-08-31,0.029282258033091434,0.008453924163727793,0.003893170291111091
2013-09-30,0.043613304446167366,0.011536321454214522,0.00599144289850056
2013-10-31,0.02762162310656862,0.007345500495996485,0.009827966981829172
2013-11-30,0.023231141148719863,0.010007581016401415,0.011594272211049294
2013-12-31,-0.036289741109353076,0.00793200536669858,0.011854244341191875
2014-01-31,0.042180041738942436,0.012350189315536986,0.012742329982682937
2014-02-28,0.006866581760277335,0.007801024219529428,0.015388078120540705
2014-03-31,0.0061399766989178005,0.010085963790082253,0.014140809590524408
2014-04-30,0.020787196013357895,0.0020166650789388597,0.012749855564779703
2014-05-31,0.018853996713561052,0.005358093924656434,0.012236521434638326
2014-06-30,-0.015228020971324942,0.008066029316896666,0.012549991244965121
2014-07-31,0.03693864440798914,0.011388897352778208,0.011106658406392802
2014-08-31,-0.015660436105289964,0.005811703942651682,0.011174646874145029
2014-09-30,0.022919732162897364,0.011423833643017214,0.010330999594038869
2014-10-31,0.024220806896640273,-0.009434759088095638,0.011047326466705818
2014-11-30,-0.0042140508877929654,0.01130419914820086,0.010522327527426425
2014-12-31,-0.03155777926642532,0.009382433882699968,0.010159212451235985
2015-01-31,0.05341387632562741,0.0123637619888095,0.010261862636443252
2015-02-28,-0.017565864100629828,0.007112025327169731,0.010684348246173035
2015-03-31,0.008459722544635515,0.0022618523298701646,0.009440898032000438
2015-04-30,0.010420063008670322,0.009981020176896529,0.009339787190962394
2015-05-31,-0.02125222553842553,0.007805506687652899,0.010941203344720636
2015-06-30,0.01953301632335297,0.01655694434265426,0.011512362631394164
2015-07-31,-0.06464973099312407,0.0029916563244003526,0.010730982919935765
2015-08-31,-0.026857064296796327,0.009003574174372421,0.010465906673729562
2015-09-30,0.07970271287673164,0.008062919277965257,0.008621703254537946
2015-10-31,0.00048807504013858086,0.00417400842631782,0.009348947606641955
2015-11-30,-0.01778565839025739,0.010348366131076325,0.009397102352528571
2015-12-31,-0.05225928397216329,0.0006924385684724082,0.008048344365318757
2016-01-31,-0.004353572181659311,-0.0069458530686010815,0.006806084580020274
2016-02-29,0.06364665695349596,0.006986029341038709,0.006211332097612208
2016-03-31,0.002454094784488788,0.003948482823276449,0.0072913796316357625
2016-04-30,0.015016700143857293,0.010198063178477771,0.0068653877874287166
2016-05-31,0.0006855066031532809,0.006421601359589309,0.007343048114081064
2016-06-30,0.03476543269105418,-0.005305322159973029,0.0076621318782213906
2016-07-31,-0.0014699867803524733,0.007977760721935822,0.008603917242905584
2016-08-31,-0.001485213701753262,0.013624731470610489,0.009554431389987881
2016-09-30,-0.01985850371013968,-0.0013334920276888856,0.010771073951399535
2016-10-31,0.03332854504443428,0.019408068753306112,0.008735127915629621
2016-11-30,0.01766211129927904,0.006857458709613921,0.009375407339523183
2016-12-31,0.01730131462106252,0.011964824423263824,0.009528305326614816
2017-01-31,0.03609800073827648,0.009206015844809071,0.009105798718057966
2017-02-28,-0.0008226062254648306,0.011895155378113474,0.009044726319161828
2017-03-31,0.008433465811531995,0.00768700564758874,0.008518074954854144
2017-04-30,0.010843092444313848,0.007081814854333426,0.008785172155240608
2017-05-31,0.004060559373837099,0.0068608483351544295,0.01004532327640069
2017-06-30,0.018347350880434158,0.008344154697850659,0.00946770393473631
2017-07-31,-0.0003453828869719129,0.00827161766247928,0.009566095033738837
2017-08-31,0.018277372685688503,0.004534429829870862,0.00923555071281367
2017-09-30,0.02108722669850866,0.0073558103375350875,0.009142443833193122
2017-10-31,0.026803874379967917,0.009192090601624348,0.009828556095246885
2017-11-30,0.008758614574871438,0.010226202979528348,0.01022929834946096
2017-12-31,0.053557398358328456,0.010736890475014346,0.01025913579069693
2018-01-31,-0.040901107598084255,0.010741187875722369,0.010332768118912199
2018-02-28,-0.028560830700273446,-0.011380157771395852,0.009468723095727105
2018-03-31,0.001298419145158004,0.0033555292953867675,0.008404843234116357
2018-04-30,0.01991152451639937,0.00033940295709830245,0.008128997455924785
2018-05-31,0.0032807493865704765,0.011804658340877065,0.008119186158139585
2018-06-30,0.03380461740419126,0.01650029072229185,0.008426303016309316
2018-07-31,0.028180981191048997,0.008821729312294899,0.008185778949960486
2018-08-31,0.0025934266196669716,0.011925906172187481,0.009185988659332619
2018-09-30,-0.07370434595429698,0.012378923860335525,0.008741174802442212
2018-10-31,0.01582675205611747,-0.006121709063171232,0.0067858806291011394
2018-11-30,-0.09820688652456552,0.0008999113774169282,0.006589299444926953
2018-12-31,0.07376715198675604,-0.015020551786059032,0.004565332317038863
2019-01-31,0.027320553365402418,-0.00043021513159258607,0.006399613868640683
2019-02-28,0.015773844223562147,0.00901418450122089,0.006151955729081681
2019-03-31,0.03656039741757073,0.005981480335341402,0.006300410103469762
2019-04-30,-0.07002422741620712,0.008819981807551985,0.006807417115447311
2019-05-31,0.06469996822969307,0.006793929045456011,0.005293893391621227
2019-06-30,0.01123439150037179,0.0071073081532095714,0.006057992916890094
2019-07-31,-0.02000728174326244,0.010436952551192053,0.006499033124751707
2019-08-31,0.015410250591071923,0.0007494704395473997,0.005549934355564181
2019-09-30,0.01865084215331761,0.008082892579294664,0.006067779133836878
2019-10-31,0.03210526607137807,0.004931664173962521,0.00599663096701055
2019-11-30,0.026905422965208634,0.007265300919237461,0.006128038619922847
2019-12-31,-0.0029127529357759743,0.008199082070997156,0.006646696517472873
2020-01-31,-0.08912620357505469,0.011368097700455214,0.0071241136229836955
2020-02-29,-0.13493439133704135,-0.002385349530857149,0.004748445624638994
2020-03-31,0.11917917209351,0.5736640184809326,0.0027923035040321336
2020-04-30,0.04416986628243047,0.015248933541112425,0.004637627663180042
2020-05-31,0.01811304102338571,-0.0014099718924309047,0.005200124384409379
2020-06-30,0.053503468301172315,0.0044626120536847055,0.005856212160439566
2020-07-31,0.0676107496710236,-0.003103892058896121,0.006422386360069888
2020-08-31,-0.040101453316510986,-0.004645775165500259,0.00862672770447235
2020-09-30,-0.02814735895222084,0.0059540580409876386,0.008405987887477106
2020-10-31,0.10206309457326708,-0.01551314722065179,0.0066084866903278975
2020-11-30,0.03637404784059175,0.005885782557882503,0.008301403682546704
2020-12-31,-0.011274137650888213,0.0010377868968109282,0.009204065453060857
2021-01-31,0.025690210005870115,-0.005867751026393505,0.009887151225082106
2021-02-28,0.04152947394921323,-0.00016317821513797855,0.010387880928207598
2021-03-31,0.05107233046805634,0.009117826703652193,0.010019261211469553
2021-04-30,0.005454826050056746,0.007489041438286783,0.010829565139529013
2021-05-31,0.021954205899455844,0.00946986464211785,0.010670200571299004
2021-06-30,0.022459842588917988,0.008461835076462735,0.011024678892904045
2021-07-31,0.02853647649312588,0.008001101411817207,0.01081958572453511
2021-08-31,-0.048779459449499726,0.008532295782651215,0.011319693445759747
2021-09-30,0.06682484195065584,0.004754547489885115,0.010531456016630641
2021-10-31,-0.008410292321871508,0.01059784614010149,0.011976178444310566
2021-11-30,0.04264698149472988,0.0019682720270731615,0.011280531154872138
2021-12-31,-0.05406822999928292,0.012671726413870708,0.011696945658129652
2022-01-31,-0.031987761021711525,0.006611788432293084,0.01050745324779056
2022-02-28,0.03487328627152258,0.002335012807910472,0.009372690551790758
2022-03-31,-0.0924344915740886,0.013425947018086679,0.009967622093407215
2022-04-30,-0.0005801570425729346,0.000815661202912002,0.008286489470313537
2022-05-31,-0.08846824847148471,0.013299920352773158,0.008096101978865426
2022-06-30,0.08595971802304941,0.008279499533690945,0.0065539551814433935
2022-07-31,-0.04522536399673854,0.007338501461862855,0.00768082796715365
2022-08-31,-0.10024083328765976,0.003664208466621465,0.006932828281990874
2022-09-30,0.0742262311355227,-0.0005123601993296473,0.004957524849101736
2022-10-31,0.04925797609764891,0.008487903959518405,0.00584317492305197
2022-11-30,-0.06424015871000167,0.012272533338757255,0.006217409951679987
2022-12-31,0.05637951516768262,0.0036870350302718783,0.005000763730265436
2023-01-31,-0.030242812193126717,0.0043398151800400795,0.005047799010421338
2023-02-28,0.030576292698263455,0.002784212860091679,0.005225437267170631
2023-03-31,0.010627844316229186,0.007170901625705959,0.006211055990479579
2023-04-30,-0.001620728566727409,0.005437127358952398,0.006366546409997433
2023-05-31,0.05843553158130814,0.004626322299482916,0.006007675525278653
2023-06-30,0.026363950907704166,0.00718240172159271,0.0069269218951909465
2023-07-31,-0.02225020384299401,0.005963232321215853,0.006802910786916162
2023-08-31,-0.054362834589948686,0.006636190995195041,0.0059623910363487765
2023-09-30,-0.026658174334736755,0.003219717650273966,0.005013120016188516
2023-10-31,0.08097444820075246,0.0048804178050803355,0.005797222876514518
2023-11-30,0.03888736876494132,0.007832577788773373,0.006883017812258436
2023-12-31,0.0114040272197589,0.009347870543420145,0.00916792206708355
2024-01-31,0.04607752831277185,0.007924735457006435,0.008128536654300264
2024-02-29,0.026180753445076244,0.009154238224300153,0.008441152903423088
2024-03-31,-0.04687244434814574,0.00861364558333937,0.008614601390448322
2024-04-30,0.04253713863769318,0.007510234231054553,0.007224054027686384
2024-05-31,0.02970734323888209,0.009201753732967671,0.009100076795251386
2024-06-30,0.006891043735743064,0.00793942952968665,0.008516866378737874
2024-07-31,0.018244563784181343,0.00870397162655061,0.008444477249327393
2024-08-31,0.015787298954421033,0.012530706156873777,0.009082008008118125
2024-09-30,-0.013879374931883424,0.008621880248674696,0.009088292147507277
2024-10-31,0.05196138069616385,0.00347959692092186,0.008546121862753924
2024-11-30,-0.028991025521078895,0.009529564555192778,0.008877057106500353
2024-12-31,0.02309947308633553,0.007584991023563147,0.007945449631728893
2025-01-31,-0.017852817981816087,0.00820735067873574,0.008378986732097419
2025-02-28,-0.06278345204684312,0.007286048799046619,0.00956687649198473
2025-03-31,-0.011154161847847056,0.010666792188192518,0.010769392146821367
2025-04-30,0.05619711430441989,-0.08510149276248717,0.008597169914465417
2025-05-31,0.04487398878095224,0.00724152631758526,0.008797624048165241
2025-06-30,0.017910178792465262,0.00993553649045249,0.009243639844124683
2025-07-31,0.01534529084071943,0.010480310542762942,0.008650418352312896
2025-08-31,0.03128078576474819,0.007056009518456332,0.007779327371807828
2025-09-30,0.01916668537882998,0.010685592145017169,0.00896903135649548
2025-10-31,-0.0018845589393750887,0.009139712560572711,0.009757598762012994
2025-11-30,-0.0036742718289752927,0.007468471818503866,0.008025137870135625
2025-12-31,0.010578795577622313,0.007641046769796451,0.0073576658756428414
2026-01-31,-0.011681133376068619,0.008763708372080887,0.007721881429451349
2026-02-28,-0.05527555661610119,0.008389533963265782,0.007099025706419038
2026-03-31,0.09614299238789915,0.0063588281125771424,0.005485608530330465
2026-04-30,0.04718118952186084,0.00624370579713488,0.006236786228994511
